,Abstract ID,Title,Authors,Journal,Impact Factor,Year,Abstract,Keywords,DOI
0,ABS001,A Systematic Review and Meta-Analysis of Ashwagandha (Withania somnifera) for Stress and Anxiety Management,"Smith J., Patel R., Johnson M.",Journal of Alternative and Complementary Medicine,2.956,2023,"This comprehensive meta-analysis evaluated 15 randomized controlled trials (n=1,200) investigating Ashwagandha's effects on stress and anxiety. Studies utilizing standardized root extract (600-1200mg daily) showed significant reductions in anxiety scores (p<0.001, SMD=-0.75) and cortisol levels (mean reduction 28%, p<0.005). Subgroup analysis revealed optimal dosing at 600mg twice daily. Treatment duration of 8 weeks showed maximum efficacy. Safety profile analysis indicated minimal adverse effects (incidence <5%). The review strongly supports Ashwagandha's role in stress management, though larger long-term trials are recommended.","Ashwagandha, adaptogenic herbs, stress reduction, anxiety, cortisol",10.1234/JACM.2023.001
1,ABS002,Clinical Evaluation of Curcuminoids from Turmeric (Curcuma longa) in Inflammatory Conditions: A Double-Blind Randomized Trial,"Chen L., Williams K., Garcia A.",Phytotherapy Research,4.087,2023,"This randomized, double-blind trial investigated enhanced-bioavailability curcumin formulation in 150 patients with chronic inflammation. Treatment group (n=75) received 1000mg curcuminoids daily for 12 weeks. Results showed significant reduction in inflammatory markers: CRP (-45%, p<0.01), IL-6 (-30%, p<0.01), and TNF-α (-25%, p<0.05). Novel bioavailability enhancement technology demonstrated 7-fold higher absorption compared to standard curcumin. Quality of life scores improved significantly (p<0.001). Findings support curcumin's anti-inflammatory potential with enhanced delivery systems.","Turmeric, curcumin, inflammation, bioavailability, clinical trial",10.1234/PTR.2023.002
2,ABS003,Neuroprotective Effects of Lion's Mane Mushroom (Hericium erinaceus) on Cognitive Function: A 24-Week Clinical Investigation,"Yamamoto H., Brown D., Lee H.",Journal of Neuroscience Research,3.768,2023,"This 24-week prospective study examined Lion's Mane extract's effects on cognitive function in adults aged 50-75 (n=120). Participants received 750mg standardized extract or placebo twice daily. Treatment group showed significant improvements in cognitive function (MMSE score +2.8 points, p<0.01), memory recall (+23%, p<0.005), and processing speed (+15%, p<0.01). NGF and BDNF levels increased significantly (p<0.001). Results suggest potential applications in age-related cognitive decline and neurodegenerative conditions.","Lion's Mane, cognitive function, neuroprotection, memory enhancement, NGF",10.1234/JNR.2023.003
3,ABS004,Bacopa monnieri in Age-Related Memory Decline: A Multi-Center Clinical Evaluation,"Anderson M., Kumar N., White R.",Aging and Cognitive Enhancement,3.245,2023,"This multicenter study evaluated Bacopa monnieri's effects on memory in 240 elderly participants across 5 research centers. Using standardized extract (300mg twice daily), treatment duration was 16 weeks. Results demonstrated significant improvements in working memory (p<0.01), information processing (p<0.001), and attention span (p<0.01). Notably, acetylcholine receptor density increased by 15% (p<0.005). Study provides strong evidence for Bacopa's role in cognitive enhancement strategies for aging populations.","Bacopa monnieri, memory enhancement, cognitive aging, cholinergic function",10.1234/ACE.2023.004
4,ABS005,Ginger (Zingiber officinale) Extract in Digestive Health: Mechanisms and Clinical Outcomes,"Martinez E., Shah P., Taylor B.",Gastrointestinal Therapeutics,3.876,2023,"Investigation of ginger's effects on gastrointestinal motility and inflammation involved 180 participants with functional dyspepsia. Treatment group received 550mg standardized ginger extract thrice daily. Results showed significant improvement in gastric emptying rate (+26%, p<0.001), reduction in inflammatory markers (IL-1β: -35%, p<0.01), and decreased symptoms severity scores (-48%, p<0.001). Study identifies key molecular mechanisms underlying ginger's gastroprotective effects.","Ginger, gastrointestinal motility, inflammation, functional dyspepsia",10.1234/GT.2023.005
5,ABS006,Comprehensive Analysis of Rhodiola rosea in Stress-Induced Fatigue: A Randomized Clinical Trial,"Petrov V., Smith A., Chen M.",Adaptogenic Medicine Review,2.987,2023,"Study evaluated Rhodiola's effects on stress-induced fatigue in 160 healthcare workers during peak work periods. Treatment consisted of 400mg standardized extract daily for 12 weeks. Results showed significant reductions in fatigue severity scores (-42%, p<0.001), cortisol levels (-31%, p<0.01), and improved mental performance metrics (+28%, p<0.001). Unique analysis of salivary stress biomarkers provided new insights into mechanism of action.","Rhodiola rosea, adaptogen, fatigue, stress response, healthcare workers",10.1234/AMR.2023.006
6,ABS007,Valerian Root Extract for Sleep Quality Enhancement: A Double-Blind Investigation,"Thompson K., Rodriguez J., Kim S.",Sleep Medicine Studies,3.654,2023,"Investigated valerian root's effects on sleep architecture in 140 adults with mild-to-moderate insomnia. Using polysomnography, study documented effects of 600mg standardized extract. Treatment significantly reduced sleep latency (-45%, p<0.001), increased total sleep time (+52min, p<0.01), and improved sleep quality scores (+38%, p<0.001). Novel finding: increased delta wave activity during deep sleep phases (p<0.005).","Valerian, sleep quality, insomnia, polysomnography, sleep architecture",10.1234/SMS.2023.007
7,ABS008,Milk Thistle (Silybum marianum) in Non-Alcoholic Fatty Liver Disease: Clinical Outcomes,"Cohen R., Li W., Hassan M.",Hepatology Research,4.123,2023,"Clinical trial involving 200 NAFLD patients evaluated silymarin's hepatoprotective effects. Six-month treatment with standardized extract (420mg thrice daily) resulted in significant improvements in liver function markers (ALT: -38%, AST: -42%, p<0.001), reduced hepatic fat content (-28%, p<0.01), and improved insulin sensitivity (+24%, p<0.005). Study provides evidence for milk thistle's role in NAFLD management.","Milk thistle, silymarin, fatty liver disease, hepatoprotection, NAFLD",10.1234/HR.2023.008
8,ABS009,Panax Ginseng's Impact on Physical and Cognitive Performance: A Dual-Center Trial,"Park S., Johnson L., Zhang Y.",Adaptogenic Research Quarterly,3.234,2023,"Study examined ginseng's effects on 180 healthy adults during high-stress periods. Treatment (200mg standardized extract twice daily) showed significant improvements in cognitive performance (+23%, p<0.001), physical endurance (+18%, p<0.01), and stress resistance (+31%, p<0.001). Novel finding: synergistic effects with exercise training (p<0.005). Results support ginseng's adaptogenic properties.","Panax ginseng, cognitive enhancement, physical performance, adaptogens",10.1234/ARQ.2023.009
9,ABS010,Boswellia serrata Extract in Osteoarthritis: Mechanism and Efficacy Study,"Ahmed K., Miller P., Singh R.",Joint Health Research,3.876,2023,"Investigation of Boswellia's anti-inflammatory effects in 150 osteoarthritis patients. Treatment (500mg standardized extract thrice daily) demonstrated significant reduction in joint pain (-56%, p<0.001), improved mobility (+45%, p<0.001), and decreased inflammatory markers (IL-1β: -43%, TNF-α: -38%, p<0.001). Study identified novel mechanism involving 5-LOX enzyme inhibition.","Boswellia, osteoarthritis, inflammation, joint health, 5-LOX inhibition",10.1234/JHR.2023.010
10,ABS011,Synergistic Effects of Combined Adaptogenic Herbs: A Clinical Investigation,"Wilson R., Chang H., Davis M.",Integrative Medicine Research,3.445,2023,"Study investigated synergistic effects of combined adaptogens (Ashwagandha, Rhodiola, Schisandra) in 220 subjects under chronic stress. Twelve-week treatment showed superior outcomes compared to single herbs: stress reduction (-52%, p<0.001), energy levels (+45%, p<0.001), cognitive performance (+38%, p<0.001). Novel finding: enhanced HPA axis modulation with combination therapy. Results support multi-herb adaptogenic formulations.","Adaptogens, synergy, stress response, HPA axis, herbal combinations",10.1234/IMR.2023.011
11,ABS012,Green Tea Extract in Metabolic Syndrome: A Large-Scale Population Study,"Zhang W., O'Brien K., Tanaka M.",Metabolic Health Journal,3.887,2023,"Comprehensive study of 450 participants with metabolic syndrome receiving standardized green tea extract (800mg daily, 12 weeks). Results demonstrated significant improvements in metabolic parameters: reduced waist circumference (-4.2cm, p<0.001), improved insulin sensitivity (+28%, p<0.001), decreased triglycerides (-23%, p<0.01). Novel finding: EGCG absorption correlated with genetic polymorphisms affecting catechin metabolism (p<0.005). Study provides evidence for personalized dosing strategies.","Green tea, metabolic syndrome, EGCG, insulin sensitivity, personalized medicine",10.1234/MHJ.2023.012
12,ABS013,Elderberry Extract in Upper Respiratory Tract Infections: Viral Load and Immune Response,"Fischer M., Roberts L., Ivanov P.",Antiviral Research Quarterly,4.123,2023,"Double-blind study examined elderberry's antiviral effects in 280 patients with early URTI symptoms. Treatment group (600mg standardized extract four times daily) showed significant reduction in viral load (-63%, p<0.001), symptom duration (-56%, p<0.001), and increased NK cell activity (+67%, p<0.001). Cytokine analysis revealed modulation of IL-6 and IL-8 responses (p<0.01). Results support elderberry's role in acute respiratory infections.","Elderberry, antiviral, immune response, respiratory infections, cytokines",10.1234/ARQ.2023.013
13,ABS014,Maca Root (Lepidium meyenii) Effects on Hormonal Balance and Energy: Gender-Specific Outcomes,"Ramirez A., Bennett S., Lee C.",Endocrine Research International,3.654,2023,"Gender-stratified analysis of maca's effects on 320 participants (160 male, 160 female) over 16 weeks. Using 2500mg daily standardized extract, study found gender-specific responses in hormonal profiles (testosterone +22% males, estradiol balance in females, p<0.001), energy levels (+45% both genders, p<0.001), and stress resilience (+38%, p<0.001). Novel finding: adaptogenic effects vary by genetic estrogen receptor polymorphisms.","Maca root, hormonal balance, gender differences, energy, adaptogenic",10.1234/ERI.2023.014
14,ABS015,Synergistic Effects of Combined Probiotics and Herbal Extracts on Gut Microbiome,"Patel S., Anderson H., Garcia M.",Microbiome Research Today,4.556,2023,"Novel investigation combining probiotics with herbal extracts (ginger, turmeric, peppermint) in 240 subjects with digestive disorders. 12-week intervention showed synergistic effects on microbiome diversity (+45%, p<0.001), inflammatory markers reduction (-52%, p<0.001), and improved gut barrier function (+38%, p<0.001). Metagenomic analysis revealed significant increases in beneficial bacterial species and metabolic pathways.","Probiotics, herbal synergy, microbiome, gut health, inflammation",10.1234/MRT.2023.015
15,ABS016,"Cognitive Enhancement Through Mushroom Complex: Lions Mane, Reishi, and Cordyceps","White R., Yamamoto K., Brown E.",Neurocognitive Research Bulletin,3.987,2023,"Multi-compound study evaluated synergistic effects of medicinal mushrooms on cognitive function in 180 older adults (aged 60-80). Treatment group received standardized extract combination daily for 24 weeks. Results showed significant improvements in memory recall (+34%, p<0.001), processing speed (+28%, p<0.001), and neural plasticity markers (+45%, p<0.001). Brain imaging revealed increased hippocampal connectivity patterns.","Medicinal mushrooms, cognitive enhancement, neural plasticity, aging, brain function",10.1234/NRB.2023.016
16,ABS017,Standardization and Bioavailability Enhancement of Curcumin: Novel Delivery System,"Kumar R., Stevens J., Ali M.",Pharmaceutical Innovation Quarterly,4.234,2023,"Development and clinical validation of novel nanoemulsion-based curcumin delivery system. Study in 200 participants demonstrated 18-fold increase in bioavailability compared to standard formulations (p<0.001). Enhanced absorption resulted in significantly lower effective doses (85% reduction, p<0.001) while maintaining therapeutic effects. Stability studies showed 24-month shelf life with consistent potency.","Curcumin, bioavailability, nanoemulsion, drug delivery, standardization",10.1234/PIQ.2023.017
17,ABS018,Adaptogenic Herb Impact on HPA Axis: Molecular Mechanisms and Clinical Outcomes,"Thompson M., Zhao L., Kennedy R.",Stress Medicine Research,3.876,2023,"Mechanistic study of adaptogenic herbs (Ashwagandha, Rhodiola, Schisandra) in 150 subjects with chronic stress. Treatment group showed significant modulation of cortisol (-31%, p<0.001), DHEA (+24%, p<0.001), and neuropeptide-Y levels (+28%, p<0.001). Gene expression analysis revealed novel stress-response pathways. Results provide molecular basis for adaptogenic effects.","Adaptogens, HPA axis, stress response, molecular mechanisms, gene expression",10.1234/SMR.2023.018
18,ABS019,Ayurvedic Herbal Complex for Metabolic Syndrome: Traditional Formulation Validation,"Sharma V., Miller T., Patel N.",Integrative Medicine Science,3.445,2023,"Clinical validation of traditional Ayurvedic formulation in 280 metabolic syndrome patients. Twenty-week treatment showed significant improvements in all metabolic parameters: blood glucose regulation (+42%, p<0.001), lipid profile optimization (+38%, p<0.001), weight management (-12%, p<0.001). Study provides scientific validation for traditional multi-herb approach.","Ayurveda, metabolic syndrome, traditional medicine, herbal complex, clinical validation",10.1234/IMS.2023.019
19,ABS020,Neuroprotective Effects of Bacopa-Ginkgo Combination: Cognitive Aging Study,"Lewis P., Chen X., Roberts M.",Neuroscience Advances,4.123,2023,"Long-term study (48 weeks) of combined Bacopa-Ginkgo extract in 320 elderly subjects (65-85 years). Treatment showed superior cognitive protection compared to single herbs: memory enhancement (+45%, p<0.001), attention span (+38%, p<0.001), and mental clarity (+42%, p<0.001). Neuroimaging revealed increased cerebral blood flow and reduced age-related atrophy.","Bacopa, Ginkgo, cognitive aging, neuroprotection, brain function",10.1234/NA.2023.020
20,ABS021,Gut-Brain Axis Modulation Using Prebiotics and Adaptogenic Herbs,"Wilson K., Martinez R., Kumar S.",Psychobiotics Research,3.987,2023,"Investigation of combined prebiotic-adaptogenic intervention in 200 subjects with stress-related digestive disorders. Twelve-week treatment demonstrated significant improvements in both psychological (stress -48%, anxiety -42%, p<0.001) and gastrointestinal parameters (microbiome diversity +35%, gut barrier function +40%, p<0.001). Novel findings support gut-brain axis therapeutic approach.","Gut-brain axis, prebiotics, adaptogens, stress, microbiome",10.1234/PR.2023.021
21,ABS022,Bioactive Compound Synergy in Multi-Herb Formulations: Metabolomic Analysis,"Chen H., Peterson M., Shah R.",Natural Product Research,3.789,2023,"Comprehensive metabolomic study of multi-herb interactions in 180 participants. Analysis revealed novel synergistic pathways and enhanced bioavailability patterns (+125%, p<0.001) compared to single herbs. Identified 14 new bioactive compounds formed through herb-herb interactions. Results provide scientific basis for traditional combination formulas.","Metabolomics, herb interactions, synergy, bioavailability, traditional medicine",10.1234/NPR.2023.022
22,ABS023,Inflammation Modulation Through Specialized Pro-Resolving Mediators from Herbal Sources,"Johnson R., Kim H., Al-Fahad M.",Inflammatory Research Today,4.234,2023,"Novel investigation of SPM production from herbal sources in 240 subjects with chronic inflammation. Treatment with standardized botanical extract complex showed significant increases in resolvin and protectin production (+156%, p<0.001), leading to enhanced inflammation resolution (-65%, p<0.001). Study introduces new mechanism for herbal anti-inflammatory effects.","SPMs, inflammation resolution, herbal medicine, resolvins, protectins",10.1234/IRT.2023.023
23,ABS024,Chronobiology of Herbal Medicine: Timing-Dependent Efficacy Study,"Brown M., Lee S., Cohen A.",Chronotherapeutics Research,3.876,2023,"Investigation of timing-dependent effects of herbal medicines in 260 participants. Study demonstrated significant variations in efficacy based on administration timing: morning vs. evening differences in absorption (+45%, p<0.001), therapeutic effect (+38%, p<0.001), and duration of action (+52%, p<0.001). Results support chronobiological approach to herbal medicine.","Chronobiology, herbal medicine, timing, absorption, efficacy",10.1234/CR.2023.024
24,ABS025,Artificial Intelligence in Herbal Formula Optimization: Clinical Validation Study,"Zhang L., Watson P., Gupta R.",Digital Healthcare Innovation,4.123,2023,"Validation study of AI-optimized herbal formulations in 300 participants across multiple conditions. AI-designed combinations showed superior efficacy (+43%, p<0.001), reduced side effects (-62%, p<0.001), and improved patient outcomes (+38%, p<0.001) compared to traditional formulations. Study demonstrates potential of AI in herbal medicine development.","Artificial intelligence, herbal formulation, optimization, clinical validation, personalized medicine",10.1234/DHI.2023.025
