,trial_id,ingredient,scientific_name,trial_type,duration_weeks,condition,side_effects,completion_rate,publication_date,funding_source,location,participants.total,participants.treatment_group,participants.placebo_group,participants.age_range.min,participants.age_range.max,participants.gender_ratio.male,participants.gender_ratio.female,dosage.amount_mg,dosage.frequency,dosage.timing,efficacy_metrics.primary_outcome,efficacy_metrics.measurement_method,efficacy_metrics.efficacy_rate,efficacy_metrics.p_value
0,CT001,Ashwagandha,Withania somnifera,Randomized Double-blind Placebo-controlled,8,stress,"[{'effect': 'mild drowsiness', 'incidence': 0.08}, {'effect': 'digestive upset', 'incidence': 0.05}]",0.92,2023-03-15,Independent Research Grant,"Multiple Centers, USA",100,50,50,25,65,0.48,0.52,600,daily,divided doses,stress reduction,Perceived Stress Scale,0.75,0.001
1,CT002,Turmeric,Curcuma longa,Randomized Controlled Trial,12,inflammation,"[{'effect': 'mild digestive issues', 'incidence': 0.04}]",0.88,2023-04-20,University Grant,Singapore,150,75,75,30,70,0.45,0.55,1000,twice daily,with meals,inflammation reduction,CRP Levels,0.68,0.003
2,CT003,Bacopa monnieri,Bacopa monnieri,Double-blind Crossover Study,16,cognitive function,"[{'effect': 'nausea', 'incidence': 0.06}, {'effect': 'headache', 'incidence': 0.03}]",0.85,2023-05-01,Corporate Research Grant,Australia,120,60,60,45,65,0.5,0.5,300,daily,morning,cognitive improvement,Memory Assessment Scale,0.65,0.008
3,CT004,Rhodiola rosea,Rhodiola rosea,Randomized Controlled Trial,6,fatigue,"[{'effect': 'insomnia', 'incidence': 0.04}, {'effect': 'dry mouth', 'incidence': 0.03}]",0.93,2023-06-10,Government Grant,Sweden,90,45,45,25,55,0.44,0.56,400,daily,morning,fatigue reduction,Fatigue Severity Scale,0.72,0.002
4,CT005,Lion's Mane,Hericium erinaceus,Double-blind Placebo-controlled,24,cognitive decline,"[{'effect': 'mild stomach discomfort', 'incidence': 0.05}]",0.89,2023-07-15,Private Research Foundation,Japan,80,40,40,50,75,0.46,0.54,750,twice daily,with meals,cognitive enhancement,Montreal Cognitive Assessment,0.69,0.007
5,CT006,Valerian Root,Valeriana officinalis,Randomized Crossover Study,4,insomnia,"[{'effect': 'morning drowsiness', 'incidence': 0.07}, {'effect': 'vivid dreams', 'incidence': 0.04}]",0.91,2023-02-28,Academic Research Grant,Germany,110,55,55,18,65,0.49,0.51,450,daily,evening,sleep quality,Pittsburgh Sleep Quality Index,0.71,0.004
6,CT007,Boswellia,Boswellia serrata,Double-blind Controlled Trial,12,osteoarthritis,"[{'effect': 'mild gastrointestinal upset', 'incidence': 0.06}]",0.87,2023-08-05,Pharmaceutical Company Grant,India,95,48,47,40,75,0.42,0.58,500,three times daily,with meals,joint pain reduction,WOMAC Scale,0.74,0.001
7,CT008,Ginkgo Biloba,Ginkgo biloba,Randomized Controlled Trial,20,mild cognitive impairment,"[{'effect': 'headache', 'incidence': 0.05}, {'effect': 'dizziness', 'incidence': 0.03}]",0.86,2023-09-20,National Health Institute,France,160,80,80,55,80,0.47,0.53,240,twice daily,morning and evening,memory enhancement,Rey Auditory Verbal Learning Test,0.67,0.005
8,CT009,St. John's Wort,Hypericum perforatum,Double-blind Placebo-controlled,12,mild depression,"[{'effect': 'photosensitivity', 'incidence': 0.08}, {'effect': 'gastrointestinal upset', 'incidence': 0.05}]",0.84,2023-03-30,Mental Health Research Fund,Canada,140,70,70,18,65,0.41,0.59,900,three times daily,with meals,mood improvement,Hamilton Depression Scale,0.7,0.003
9,CT010,Milk Thistle,Silybum marianum,Randomized Controlled Trial,16,fatty liver disease,"[{'effect': 'mild allergic reaction', 'incidence': 0.03}, {'effect': 'digestive issues', 'incidence': 0.04}]",0.9,2023-05-15,Liver Research Foundation,Italy,85,43,42,30,70,0.52,0.48,420,daily,divided doses,liver function improvement,Liver Function Tests,0.73,0.002
