{
  "trials": [
    {
      "trial_id": "CT001",
      "ingredient": "Ashwagandha",
      "scientific_name": "Withania somnifera",
      "trial_type": "Randomized Double-blind Placebo-controlled",
      "participants": {
        "total": 100,
        "treatment_group": 50,
        "placebo_group": 50,
        "age_range": {"min": 25, "max": 65},
        "gender_ratio": {"male": 0.48, "female": 0.52}
      },
      "duration_weeks": 8,
      "dosage": {
        "amount_mg": 600,
        "frequency": "daily",
        "timing": "divided doses"
      },
      "efficacy_metrics": {
        "primary_outcome": "stress reduction",
        "measurement_method": "Perceived Stress Scale",
        "efficacy_rate": 0.75,
        "p_value": 0.001
      },
      "condition": "stress",
      "side_effects": [
        {"effect": "mild drowsiness", "incidence": 0.08},
        {"effect": "digestive upset", "incidence": 0.05}
      ],
      "completion_rate": 0.92,
      "publication_date": "2023-03-15",
      "funding_source": "Independent Research Grant",
      "location": "Multiple Centers, USA"
    },
    {
      "trial_id": "CT002",
      "ingredient": "Turmeric",
      "scientific_name": "Curcuma longa",
      "trial_type": "Randomized Controlled Trial",
      "participants": {
        "total": 150,
        "treatment_group": 75,
        "placebo_group": 75,
        "age_range": {"min": 30, "max": 70},
        "gender_ratio": {"male": 0.45, "female": 0.55}
      },
      "duration_weeks": 12,
      "dosage": {
        "amount_mg": 1000,
        "frequency": "twice daily",
        "timing": "with meals"
      },
      "efficacy_metrics": {
        "primary_outcome": "inflammation reduction",
        "measurement_method": "CRP Levels",
        "efficacy_rate": 0.68,
        "p_value": 0.003
      },
      "condition": "inflammation",
      "side_effects": [
        {"effect": "mild digestive issues", "incidence": 0.04}
      ],
      "completion_rate": 0.88,
      "publication_date": "2023-04-20",
      "funding_source": "University Grant",
      "location": "Singapore"
    },
    {
      "trial_id": "CT003",
      "ingredient": "Bacopa monnieri",
      "scientific_name": "Bacopa monnieri",
      "trial_type": "Double-blind Crossover Study",
      "participants": {
        "total": 120,
        "treatment_group": 60,
        "placebo_group": 60,
        "age_range": {"min": 45, "max": 65},
        "gender_ratio": {"male": 0.50, "female": 0.50}
      },
      "duration_weeks": 16,
      "dosage": {
        "amount_mg": 300,
        "frequency": "daily",
        "timing": "morning"
      },
      "efficacy_metrics": {
        "primary_outcome": "cognitive improvement",
        "measurement_method": "Memory Assessment Scale",
        "efficacy_rate": 0.65,
        "p_value": 0.008
      },
      "condition": "cognitive function",
      "side_effects": [
        {"effect": "nausea", "incidence": 0.06},
        {"effect": "headache", "incidence": 0.03}
      ],
      "completion_rate": 0.85,
      "publication_date": "2023-05-01",
      "funding_source": "Corporate Research Grant",
      "location": "Australia"
    },
    {
      "trial_id": "CT004",
      "ingredient": "Rhodiola rosea",
      "scientific_name": "Rhodiola rosea",
      "trial_type": "Randomized Controlled Trial",
      "participants": {
        "total": 90,
        "treatment_group": 45,
        "placebo_group": 45,
        "age_range": {"min": 25, "max": 55},
        "gender_ratio": {"male": 0.44, "female": 0.56}
      },
      "duration_weeks": 6,
      "dosage": {
        "amount_mg": 400,
        "frequency": "daily",
        "timing": "morning"
      },
      "efficacy_metrics": {
        "primary_outcome": "fatigue reduction",
        "measurement_method": "Fatigue Severity Scale",
        "efficacy_rate": 0.72,
        "p_value": 0.002
      },
      "condition": "fatigue",
      "side_effects": [
        {"effect": "insomnia", "incidence": 0.04},
        {"effect": "dry mouth", "incidence": 0.03}
      ],
      "completion_rate": 0.93,
      "publication_date": "2023-06-10",
      "funding_source": "Government Grant",
      "location": "Sweden"
    },
    {
      "trial_id": "CT005",
      "ingredient": "Lion's Mane",
      "scientific_name": "Hericium erinaceus",
      "trial_type": "Double-blind Placebo-controlled",
      "participants": {
        "total": 80,
        "treatment_group": 40,
        "placebo_group": 40,
        "age_range": {"min": 50, "max": 75},
        "gender_ratio": {"male": 0.46, "female": 0.54}
      },
      "duration_weeks": 24,
      "dosage": {
        "amount_mg": 750,
        "frequency": "twice daily",
        "timing": "with meals"
      },
      "efficacy_metrics": {
        "primary_outcome": "cognitive enhancement",
        "measurement_method": "Montreal Cognitive Assessment",
        "efficacy_rate": 0.69,
        "p_value": 0.007
      },
      "condition": "cognitive decline",
      "side_effects": [
        {"effect": "mild stomach discomfort", "incidence": 0.05}
      ],
      "completion_rate": 0.89,
      "publication_date": "2023-07-15",
      "funding_source": "Private Research Foundation",
      "location": "Japan"
    },
    {
      "trial_id": "CT006",
      "ingredient": "Valerian Root",
      "scientific_name": "Valeriana officinalis",
      "trial_type": "Randomized Crossover Study",
      "participants": {
        "total": 110,
        "treatment_group": 55,
        "placebo_group": 55,
        "age_range": {"min": 18, "max": 65},
        "gender_ratio": {"male": 0.49, "female": 0.51}
      },
      "duration_weeks": 4,
      "dosage": {
        "amount_mg": 450,
        "frequency": "daily",
        "timing": "evening"
      },
      "efficacy_metrics": {
        "primary_outcome": "sleep quality",
        "measurement_method": "Pittsburgh Sleep Quality Index",
        "efficacy_rate": 0.71,
        "p_value": 0.004
      },
      "condition": "insomnia",
      "side_effects": [
        {"effect": "morning drowsiness", "incidence": 0.07},
        {"effect": "vivid dreams", "incidence": 0.04}
      ],
      "completion_rate": 0.91,
      "publication_date": "2023-02-28",
      "funding_source": "Academic Research Grant",
      "location": "Germany"
    },
    {
      "trial_id": "CT007",
      "ingredient": "Boswellia",
      "scientific_name": "Boswellia serrata",
      "trial_type": "Double-blind Controlled Trial",
      "participants": {
        "total": 95,
        "treatment_group": 48,
        "placebo_group": 47,
        "age_range": {"min": 40, "max": 75},
        "gender_ratio": {"male": 0.42, "female": 0.58}
      },
      "duration_weeks": 12,
      "dosage": {
        "amount_mg": 500,
        "frequency": "three times daily",
        "timing": "with meals"
      },
      "efficacy_metrics": {
        "primary_outcome": "joint pain reduction",
        "measurement_method": "WOMAC Scale",
        "efficacy_rate": 0.74,
        "p_value": 0.001
      },
      "condition": "osteoarthritis",
      "side_effects": [
        {"effect": "mild gastrointestinal upset", "incidence": 0.06}
      ],
      "completion_rate": 0.87,
      "publication_date": "2023-08-05",
      "funding_source": "Pharmaceutical Company Grant",
      "location": "India"
    },
    {
      "trial_id": "CT008",
      "ingredient": "Ginkgo Biloba",
      "scientific_name": "Ginkgo biloba",
      "trial_type": "Randomized Controlled Trial",
      "participants": {
        "total": 160,
        "treatment_group": 80,
        "placebo_group": 80,
        "age_range": {"min": 55, "max": 80},
        "gender_ratio": {"male": 0.47, "female": 0.53}
      },
      "duration_weeks": 20,
      "dosage": {
        "amount_mg": 240,
        "frequency": "twice daily",
        "timing": "morning and evening"
      },
      "efficacy_metrics": {
        "primary_outcome": "memory enhancement",
        "measurement_method": "Rey Auditory Verbal Learning Test",
        "efficacy_rate": 0.67,
        "p_value": 0.005
      },
      "condition": "mild cognitive impairment",
      "side_effects": [
        {"effect": "headache", "incidence": 0.05},
        {"effect": "dizziness", "incidence": 0.03}
      ],
      "completion_rate": 0.86,
      "publication_date": "2023-09-20",
      "funding_source": "National Health Institute",
      "location": "France"
    },
    {
      "trial_id": "CT009",
      "ingredient": "St. John's Wort",
      "scientific_name": "Hypericum perforatum",
      "trial_type": "Double-blind Placebo-controlled",
      "participants": {
        "total": 140,
        "treatment_group": 70,
        "placebo_group": 70,
        "age_range": {"min": 18, "max": 65},
        "gender_ratio": {"male": 0.41, "female": 0.59}
      },
      "duration_weeks": 12,
      "dosage": {
        "amount_mg": 900,
        "frequency": "three times daily",
        "timing": "with meals"
      },
      "efficacy_metrics": {
        "primary_outcome": "mood improvement",
        "measurement_method": "Hamilton Depression Scale",
        "efficacy_rate": 0.70,
        "p_value": 0.003
      },
      "condition": "mild depression",
      "side_effects": [
        {"effect": "photosensitivity", "incidence": 0.08},
        {"effect": "gastrointestinal upset", "incidence": 0.05}
      ],
      "completion_rate": 0.84,
      "publication_date": "2023-03-30",
      "funding_source": "Mental Health Research Fund",
      "location": "Canada"
    },
    {
      "trial_id": "CT010",
      "ingredient": "Milk Thistle",
      "scientific_name": "Silybum marianum",
      "trial_type": "Randomized Controlled Trial",
      "participants": {
        "total": 85,
        "treatment_group": 43,
        "placebo_group": 42,
        "age_range": {"min": 30, "max": 70},
        "gender_ratio": {"male": 0.52, "female": 0.48}
      },
      "duration_weeks": 16,
      "dosage": {
        "amount_mg": 420,
        "frequency": "daily",
        "timing": "divided doses"
      },
      "efficacy_metrics": {
        "primary_outcome": "liver function improvement",
        "measurement_method": "Liver Function Tests",
        "efficacy_rate": 0.73,
        "p_value": 0.002
      },
      "condition": "fatty liver disease",
      "side_effects": [
        {"effect": "mild allergic reaction", "incidence": 0.03},
        {"effect": "digestive issues", "incidence": 0.04}
      ],
      "completion_rate": 0.90,
      "publication_date": "2023-05-15",
      "funding_source": "Liver Research Foundation",
      "location": "Italy"
    }
  ],
  "meta": {
    "total_trials": 25,
    "last_updated": "2023-10-01",
    "data_version": "2.0",
    "quality_check": "passed",
    "review_status": "peer_reviewed",
    "data_sources": [
      "Clinical Trial Registries",
      "Published Journal Articles",
      "Research Institutions"
    ],
    "compliance": {
      "gdpr_compliant": true,
      "hipaa_compliant": true,
      "data_protection_level": "high"
    }
  }
}
